file,size,file_type,timestamp,imports,export_count,pdb_paths,key_strings
YFCalcTemp.dll,10240,"YFCalcTemp.dll: PE32 executable (DLL) (GUI) Intel 80386, for MS Windows",Thu Apr 14 16:50:40 2016,MSVCR100.dll; KERNEL32.dll,12,,
YFCalibrate.dll,67584,"YFCalibrate.dll: PE32 executable (DLL) (GUI) Intel 80386, for MS Windows",Thu Apr 14 16:53:05 2016,KERNEL32.dll; MSVCP100.dll; boost_date_time-vc100-mt-1_52.dll; boost_system-vc100-mt-1_52.dll; YFCommon.dll; lua51.dll; YFCodec.dll; MSVCR100.dll,47,E:\job\yfcam-core\dll\bin\Release\YFCalibrate.pdb,
YFCodec.dll,15872,"YFCodec.dll: PE32 executable (DLL) (GUI) Intel 80386, for MS Windows",Thu Apr 14 16:50:49 2016,MSVCR100.dll; KERNEL32.dll,12,E:\job\yfcam-core\dll\bin\Release\YFCodec.pdb,
YFCommon.dll,29184,"YFCommon.dll: PE32 executable (DLL) (GUI) Intel 80386, for MS Windows",Thu Apr 14 16:50:57 2016,KERNEL32.dll; GDI32.dll; MSVCP100.dll; boost_system-vc100-mt-1_52.dll; MSVCR100.dll,10,,
YFCorrect.dll,63488,"YFCorrect.dll: PE32 executable (DLL) (GUI) Intel 80386, for MS Windows",Thu Apr 14 16:46:55 2016,KERNEL32.dll; MSVCP100.dll; boost_date_time-vc100-mt-1_52.dll; boost_system-vc100-mt-1_52.dll; MSVCR100.dll,20,E:\job\yfcam-core\dll\bin\Release\YFCorrect.pdb,
YFDetector.dll,11264,"YFDetector.dll: PE32 executable (DLL) (GUI) Intel 80386, for MS Windows",Thu Apr 14 16:47:57 2016,MSVCR100.dll; KERNEL32.dll,24,E:\job\yfcam-core\dll\bin\Release\YFDetector.pdb,
YFDrawAna.dll,54784,"YFDrawAna.dll: PE32 executable (DLL) (GUI) Intel 80386, for MS Windows",Thu Apr 14 16:53:16 2016,KERNEL32.dll; USER32.dll; GDI32.dll; MSVCP100.dll; YFCommon.dll; YFIR.dll; YFFormatAnaStr.dll; YFDrawShape.dll; MSVCR100.dll,20,,yf_ana_get
YFDrawBMP.dll,63488,"YFDrawBMP.dll: PE32 executable (DLL) (GUI) Intel 80386, for MS Windows",Thu Apr 14 16:51:12 2016,KERNEL32.dll; USER32.dll; GDI32.dll; MSVCP100.dll; YFLog.dll; boost_date_time-vc100-mt-1_52.dll; boost_system-vc100-mt-1_52.dll; DDRAW.dll; MSVCR100.dll,16,,
YFDrawShape.dll,45568,"YFDrawShape.dll: PE32 executable (DLL) (GUI) Intel 80386, for MS Windows",Thu Apr 14 16:50:56 2016,MSVCP100.dll; YFFormatAnaStr.dll; MSVCR100.dll; KERNEL32.dll,7,E:\job\yfcam-core\dll\bin\Release\YFDrawShape.pdb,
YFFileIdentify.dll,9216,"YFFileIdentify.dll: PE32 executable (DLL) (GUI) Intel 80386, for MS Windows",Thu Apr 14 16:50:45 2016,MSVCR100.dll; KERNEL32.dll,23,,
YFFormatAnaStr.dll,22528,"YFFormatAnaStr.dll: PE32 executable (DLL) (GUI) Intel 80386, for MS Windows",Thu Apr 14 16:50:50 2016,MSVCP100.dll; MSVCR100.dll; KERNEL32.dll,15,E:\job\yfcam-core\dll\bin\Release\YFFormatAnaStr.pdb,
YFIR.dll,173056,"YFIR.dll: PE32 executable (DLL) (GUI) Intel 80386, for MS Windows",Thu Apr 14 17:52:43 2016,KERNEL32.dll; USER32.dll; MSVCP100.dll; boost_date_time-vc100-mt-1_52.dll; boost_system-vc100-mt-1_52.dll; YFIRImaging.dll; YFDrawShape.dll; YFFormatAnaStr.dll; YFLog.dll; YFCalcTemp.dll; YFFileIdentify.dll; YFTime.dll; YFJson.dll; YFCalibrate.dll; YFParaInfo.dll; MSVCR100.dll; YFCodec.dll,202,,IR::; This is the first file of standard IR; Max:; Min:; Avg:; emiss; envtemp; relhum; dist; .IRP; .IRV; yf_ana_get; yf_ir_get_temp
YFIRImage.dll,33792,"YFIRImage.dll: PE32 executable (DLL) (GUI) Intel 80386, for MS Windows",Thu Apr 14 16:53:20 2016,MSVCP100.dll; YFJson.dll; YFCommon.dll; YFIR.dll; YFIRShow.dll; YFFileIdentify.dll; YFSound.dll; MSVCR100.dll; KERNEL32.dll,30,,.IRP
YFIRImaging.dll,67584,"YFIRImaging.dll: PE32 executable (DLL) (GUI) Intel 80386, for MS Windows",Thu Apr 14 16:53:04 2016,KERNEL32.dll; MSVCP100.dll; boost_date_time-vc100-mt-1_52.dll; boost_system-vc100-mt-1_52.dll; MSVCR100.dll,33,,
YFIRShow.dll,71680,"YFIRShow.dll: PE32 executable (DLL) (GUI) Intel 80386, for MS Windows",Thu Apr 14 16:53:19 2016,KERNEL32.dll; USER32.dll; GDI32.dll; YFIRImaging.dll; YFIR.dll; YFJPG.dll; YFDrawAna.dll; YFDrawBMP.dll; YFDrawShape.dll; YFFormatAnaStr.dll; YFLog.dll; YFCodec.dll; MSVCP100.dll; boost_system-vc100-mt-1_52.dll; MSVCR100.dll; MSIMG32.dll,27,,Max:; Min:; emiss; dist; yf_ana_get
YFJPG.dll,145408,"YFJPG.dll: PE32 executable (DLL) (GUI) Intel 80386, for MS Windows",Thu Apr 14 16:51:15 2016,USER32.dll; GDI32.dll; YFDrawBMP.dll; YFLog.dll; MSVCP100.dll; MSVCR100.dll; KERNEL32.dll,12,,
YFJson.dll,17408,"YFJson.dll: PE32 executable (DLL) (GUI) Intel 80386, for MS Windows",Thu Apr 14 16:36:08 2016,MSVCP100.dll; MSVCR100.dll; KERNEL32.dll,9,E:\job\yfcam-core\dll\bin\Release\YFJson.pdb,
YFLOG.dll,75264,"YFLOG.dll: PE32 executable (DLL) (GUI) Intel 80386, for MS Windows",Thu Apr 14 16:50:59 2016,KERNEL32.dll; MSVCP100.dll; boost_thread-vc100-mt-1_52.dll; boost_date_time-vc100-mt-1_52.dll; boost_system-vc100-mt-1_52.dll; MSVCR100.dll,10,E:\job\yfcam-core\dll\bin\Release\YFLOG.pdb,
YFParaInfo.dll,56320,"YFParaInfo.dll: PE32 executable (DLL) (GUI) Intel 80386, for MS Windows",Thu Apr 14 16:53:03 2016,KERNEL32.dll; MSVCP100.dll; YFCodec.dll; boost_date_time-vc100-mt-1_52.dll; boost_system-vc100-mt-1_52.dll; MSVCR100.dll,58,E:\job\yfcam-core\dll\bin\Release\YFParaInfo.pdb,emiss; dist
YFSound.dll,11264,"YFSound.dll: PE32 executable (DLL) (GUI) Intel 80386, for MS Windows",Thu Apr 14 16:50:59 2016,WINMM.dll; MSVCR100.dll; KERNEL32.dll,11,E:\job\yfcam-core\dll\bin\Release\YFSound.pdb,
YFTime.dll,31232,"YFTime.dll: PE32 executable (DLL) (GUI) Intel 80386, for MS Windows",Thu Apr 14 16:36:25 2016,KERNEL32.dll; MSVCP100.dll; boost_date_time-vc100-mt-1_52.dll; MSVCR100.dll,12,E:\job\yfcam-core\dll\bin\Release\YFTime.pdb,
国网红外数据文件校验软件.exe,188416,"国网红外数据文件校验软件.exe: PE32 executable (GUI) Intel 80386, for MS Windows",Thu Apr 14 16:56:01 2016,mfc100u.dll; MSVCR100.dll; KERNEL32.dll; USER32.dll; GDI32.dll; COMCTL32.dll; WS2_32.dll; MSVCP100.dll; YFCommon.dll; YFIR.dll; YFIRShow.dll; YFDrawAna.dll; YFIRImage.dll; YFIRImaging.dll; YFSound.dll; YFJPG.dll,0,,yf_ana_get; yf_ir_get_temp
